TemperatureC,Dew PointC
26.466666666666665,23.533333333333335
26.25,23.5
25.84,23.6
25.875,23.625
25.625,23.5
25.4,23.44
25.4,23.2
26.2,23.4
27.583333333333332,23.333333333333332
29.0,23.4
30.1875,23.25
30.52,23.08
31.0,23.4375
31.125,23.1875
31.0,23.307692307692307
30.9375,23.5625
30.125,23.3125
29.423076923076923,23.423076923076923
28.5625,23.4375
28.1875,23.4375
27.923076923076923,23.615384615384617
27.4375,23.3125
26.9375,23.375
26.92,23.64
