TemperatureC,Dew PointC
25.4375,22.3125
25.1875,22.25
24.666666666666668,22.416666666666668
24.571428571428573,22.928571428571427
24.266666666666666,22.866666666666667
24.12,22.76
24.2,22.6
24.5,22.5
26.12,22.6
27.4375,22.8125
28.1875,22.5625
29.076923076923077,22.26923076923077
29.466666666666665,22.6
29.625,22.375
29.44,22.36
29.125,22.5625
28.9375,22.625
28.136363636363637,22.17391304347826
27.25,22.125
26.875,22.125
26.4,21.92
26.0625,22.0
25.933333333333334,22.266666666666666
25.8,22.64
