TemperatureC,Dew PointC
26.214285714285715,24.571428571428573
26.214285714285715,24.285714285714285
26.08,24.68
26.0,24.529411764705884
25.875,24.75
25.88,24.84
25.625,24.5
26.466666666666665,24.866666666666667
27.72,25.44
28.875,24.9375
29.6875,25.0
30.48,25.08
30.6,24.6
30.8,24.8
29.916666666666668,24.875
29.375,24.4375
28.933333333333334,24.733333333333334
28.17391304347826,24.391304347826086
27.6,24.2
27.125,24.25
27.0,24.46153846153846
27.0,24.333333333333332
26.75,24.5
26.375,24.4
